Metric,Value,Unit,Target,Status
Project Name,ReactJS Todo Application,Text,N/A,Complete
Development Start Date,2025-09-20,Date,N/A,N/A
Project Completion Date,2025-09-21,Date,N/A,N/A
Total Development Time,23,Hours,120,Under Target
Total Claude Cost,$8500,USD,$10000,Under Budget
Traditional Development Cost,$18000,USD,N/A,Baseline
Cost Savings,$9500,USD,>$5000,Exceeded
Percentage Savings,53,%,>30%,Exceeded
ROI Percentage,206,%,>150%,Exceeded
Total Value Delivered,$26000,USD,>$15000,Exceeded
Quality Score,9.2,Score (1-10),>8.0,Exceeded
Test Coverage,93.1,%,>80%,Exceeded
Critical Bugs,0,Count,<3,Excellent
Features Completed,8,Count,8,Complete
Documentation Pages,25,Count,>10,Complete
Time to Market Improvement,81,%,>50%,Exceeded