Feature_ID,Feature_Name,Complexity_Score,Claude_Hours,Claude_Cost,Traditional_Hours,Traditional_Cost,Savings,Savings_Percent,ROI_Percent,Quality_Score,Test_Coverage,Status
F001,Project Architecture & Setup,5,2,$600,8,$1200,$600,50%,200%,9.0,100%,Complete
F002,Frontend Development (React UI),7,4,$1200,13,$2000,$800,40%,167%,9.5,95%,Complete
F003,Backend API Development,6,3,$1000,12,$1800,$800,44%,180%,9.0,95%,Complete
F004,Database Integration,4,1,$400,5,$800,$400,50%,200%,9.5,90%,Complete
F005,CRUD Operations Implementation,8,6,$1500,17,$2500,$1000,40%,167%,9.2,100%,Complete
F006,Testing Suite Implementation,6,4,$1200,17,$2500,$1300,52%,208%,9.8,93%,Complete
F007,Docker Containerization,5,2,$600,8,$1200,$600,50%,200%,8.5,85%,Complete
F008,Documentation Creation,3,1,$300,10,$1500,$1200,80%,900%,9.0,N/A,Complete
,,,,,,,,,,,,
TOTALS,,6.0,23,$6800,90,$13500,$6700,50%,206%,9.2,93.1%,Complete
ADDITIONAL_VALUE,,,,,$1700,,$8000,,$268%,,,
PROJECT_TOTAL,,,,,$8500,,$26000,,$206%,,,