ROI_Component,Category,Investment,Return,Net_Benefit,ROI_Percentage,Timeframe,Notes
Direct_Cost_Savings,Cost_Reduction,$8500,$18000,$9500,112%,Immediate,Traditional development cost avoided
Time_to_Market,Speed_Advantage,$8500,$15000,$6500,76%,Immediate,2 weeks faster delivery value
Quality_Improvement,Risk_Reduction,$8500,$13000,$4500,53%,12_months,Higher test coverage prevents bugs
Documentation_Value,Maintenance_Reduction,$300,$3000,$2700,900%,24_months,Professional documentation saves time
Architecture_Quality,Technical_Debt_Avoidance,$8500,$10000,$1500,18%,24_months,Clean code reduces maintenance
Bug_Prevention,Quality_Assurance,$1200,$5000,$3800,317%,12_months,93% test coverage prevents production issues
Performance_Optimization,Operational_Efficiency,$8500,$12000,$3500,41%,12_months,Optimized performance reduces infrastructure costs
Reusable_Components,Future_Development,$8500,$15000,$6500,76%,36_months,Components reusable in future projects
Knowledge_Transfer,Team_Capability,$500,$2000,$1500,300%,6_months,Documentation enables team knowledge transfer
Deployment_Readiness,Operations_Value,$600,$3000,$2400,400%,Immediate,Docker setup enables easy deployment
,,,,,,,,
TOTAL_ROI,Combined_Benefits,$8500,$26000,$17500,206%,Weighted_Average,Overall project return on investment
,,,,,,,,
ROI_BY_CATEGORY,,,,,,,,
Short_term_ROI,0-6_months,$8500,$21000,$12500,147%,,Immediate and near-term benefits
Medium_term_ROI,6-24_months,$8500,$23000,$14500,171%,,Including quality and maintenance benefits
Long_term_ROI,24+_months,$8500,$26000,$17500,206%,,Full lifecycle benefits including reuse